{"cameraMode":{"drawMode":0,"name":"Shaded","section":"Shading Mode"},"sceneLighting":true,"audioPlay":false,"sceneViewState":{"m_AlwaysRefresh":false,"showFog":true,"showSkybox":true,"showFlares":true,"showImageEffects":true,"showParticleSystems":true,"showVisualEffectGraphs":true,"m_FxEnabled":true},"in2DMode":false,"pivot":{"x":1.7486735582351685,"y":0.5541509985923767,"z":6.141205310821533},"rotation":{"x":0.18189065158367158,"y":0.03096884861588478,"z":-0.005731266923248768,"w":0.9828161001205444},"size":3.0192527770996095,"orthographic":false}