{"cameraMode":{"drawMode":0,"name":"Shaded","section":"Shading Mode"},"sceneLighting":true,"audioPlay":false,"sceneViewState":{"m_AlwaysRefresh":false,"showFog":true,"showSkybox":true,"showFlares":true,"showImageEffects":true,"showParticleSystems":true,"showVisualEffectGraphs":true,"m_FxEnabled":true},"in2DMode":false,"pivot":{"x":982.9076538085938,"y":547.130615234375,"z":17.751007080078126},"rotation":{"x":-0.026996497064828874,"y":-0.004498365335166454,"z":-0.00012012759543722495,"w":0.9996361136436462},"size":572.9796752929688,"orthographic":true}