{"cameraMode":{"drawMode":0,"name":"Shaded","section":"Shading Mode"},"sceneLighting":true,"audioPlay":false,"sceneViewState":{"m_AlwaysRefresh":false,"showFog":true,"showSkybox":true,"showFlares":true,"showImageEffects":true,"showParticleSystems":true,"showVisualEffectGraphs":true,"m_FxEnabled":true},"in2DMode":false,"pivot":{"x":1.8161871433258057,"y":0.5074381828308106,"z":0.6014083623886108},"rotation":{"x":0.04922674968838692,"y":0.8903176188468933,"z":-0.09923314303159714,"w":0.4416612982749939},"size":4.31876802444458,"orthographic":false}