{"cameraMode":{"drawMode":0,"name":"Shaded","section":"Shading Mode"},"sceneLighting":true,"audioPlay":false,"sceneViewState":{"m_AlwaysRefresh":false,"showFog":true,"showSkybox":true,"showFlares":true,"showImageEffects":true,"showParticleSystems":true,"showVisualEffectGraphs":true,"m_FxEnabled":true},"in2DMode":false,"pivot":{"x":687.3341674804688,"y":879.6500854492188,"z":-1218.667236328125},"rotation":{"x":0.14045098423957826,"y":-0.03415090963244438,"z":0.004848533309996128,"w":0.9894941449165344},"size":862.3927612304688,"orthographic":true}