{"cameraMode":{"drawMode":0,"name":"Shaded","section":"Shading Mode"},"sceneLighting":true,"audioPlay":false,"sceneViewState":{"m_AlwaysRefresh":false,"showFog":true,"showSkybox":true,"showFlares":true,"showImageEffects":true,"showParticleSystems":true,"showVisualEffectGraphs":true,"m_FxEnabled":true},"in2DMode":false,"pivot":{"x":1083.959716796875,"y":637.5460815429688,"z":37.60185241699219},"rotation":{"x":-0.043404217809438708,"y":0.06140385568141937,"z":0.002674014074727893,"w":0.9971771836280823},"size":498.1648864746094,"orthographic":true}